City_ID,City,Country,Date,Lat,Lng,Max Temp,Humidity,Cloudiness,Wind Speed
0,Albany,US,2021-07-23 21:57:46,42.6001,-73.9662,77.58,58,55,6.82
1,Tasiilaq,GL,2021-07-23 21:57:03,65.6145,-37.6368,38.89,99,100,4.5
2,Fortuna,US,2021-07-23 21:58:42,40.5982,-124.1573,97.48,66,1,3.0
3,Lindi,TZ,2021-07-23 21:58:43,-10.0,39.7167,67.46,88,26,5.39
4,Saint-Pierre,RE,2021-07-23 21:58:43,-21.3393,55.4781,67.68,61,40,9.22
5,Hilo,US,2021-07-23 21:56:53,19.7297,-155.09,91.27,88,90,0.0
6,Fjerritslev,DK,2021-07-23 21:58:43,57.0813,9.2664,58.86,86,0,2.64
7,Ushuaia,AR,2021-07-23 21:56:25,-54.8,-68.3,37.06,87,40,19.57
8,Contrecoeur,CA,2021-07-23 21:58:44,45.8501,-73.2325,79.83,53,68,3.44
9,Jamestown,US,2021-07-23 21:56:30,42.097,-79.2353,78.08,53,9,3.0
10,Adrar,MR,2021-07-23 21:58:45,20.5022,-10.0711,94.21,17,15,10.65
11,Barrow,US,2021-07-23 21:58:45,71.2906,-156.7887,34.81,91,100,14.16
12,Sibolga,ID,2021-07-23 21:58:46,1.7427,98.7792,76.32,81,97,3.51
13,Mataura,NZ,2021-07-23 21:56:21,-46.1927,168.8643,44.47,78,45,2.95
14,Bobcaygeon,CA,2021-07-23 21:58:46,44.5462,-78.542,80.87,39,59,7.78
15,Butaritari,KI,2021-07-23 21:58:46,3.0707,172.7902,83.57,74,43,15.41
16,Georgetown,MY,2021-07-23 21:58:47,5.4112,100.3354,82.89,86,20,1.99
17,Narsaq,GL,2021-07-23 21:58:47,60.9167,-46.05,49.82,64,7,3.18
18,Bengkulu,ID,2021-07-23 21:58:47,-3.8004,102.2655,74.84,85,47,4.63
19,Vaini,TO,2021-07-23 21:56:25,-21.2,-175.2,78.96,89,40,3.44
20,Belmonte,BR,2021-07-23 21:58:48,-15.8631,-38.8828,68.5,71,96,9.82
21,Inuvik,CA,2021-07-23 21:56:34,68.3499,-133.7218,63.46,48,40,6.91
22,Port Moresby,PG,2021-07-23 21:58:48,-9.4431,147.1797,74.62,100,75,4.61
23,Jumla,NP,2021-07-23 21:58:49,29.2747,82.1838,63.52,95,99,0.65
24,Iqaluit,CA,2021-07-23 21:58:49,63.7506,-68.5145,53.33,71,75,11.01
25,Trincomalee,LK,2021-07-23 21:58:49,8.5711,81.2335,81.03,74,100,23.78
26,Linkoping,SE,2021-07-23 21:58:50,58.4109,15.6216,64.78,76,2,2.3
27,Ancud,CL,2021-07-23 21:58:50,-41.8697,-73.8203,47.73,77,93,8.08
28,Punta De Bombon,PE,2021-07-23 21:58:50,-17.1717,-71.7931,63.09,75,2,7.07
29,Port Hedland,AU,2021-07-23 21:58:04,-20.3167,118.5667,60.85,48,2,6.91
30,Broome,US,2021-07-23 21:58:51,42.2506,-75.833,76.69,65,1,3.0
31,Punta Arenas,CL,2021-07-23 21:58:51,-53.15,-70.9167,37.51,87,40,17.27
32,Spornoye,RU,2021-07-23 21:58:52,50.8448,37.2913,62.62,73,2,6.73
33,Chuy,UY,2021-07-23 21:58:52,-33.6971,-53.4616,60.21,86,5,4.41
34,Kapaa,US,2021-07-23 21:58:52,22.0752,-159.319,84.18,79,29,4.0
35,Batemans Bay,AU,2021-07-23 21:58:53,-35.7167,150.1833,52.2,87,80,5.66
36,Sinnar,SD,2021-07-23 21:58:53,13.5691,33.5672,82.78,63,100,9.28
37,Cockburn Town,TC,2021-07-23 21:58:53,21.4612,-71.1419,85.96,70,40,11.5
38,Bull Savanna,JM,2021-07-23 21:58:54,17.8868,-77.5902,82.85,66,73,14.36
39,Bredasdorp,ZA,2021-07-23 21:58:54,-34.5322,20.0403,49.32,81,0,9.22
40,Magistralnyy,RU,2021-07-23 21:58:54,56.1725,107.4458,56.66,94,75,3.33
41,Guerrero Negro,MX,2021-07-23 21:58:55,27.9769,-114.0611,81.88,54,21,15.79
42,Palu,ID,2021-07-23 21:58:55,-0.8917,119.8707,76.26,93,99,2.91
43,Rikitea,PF,2021-07-23 21:58:55,-23.1203,-134.9692,71.35,60,88,13.35
44,Cidreira,BR,2021-07-23 21:58:46,-30.1811,-50.2056,59.81,79,0,8.59
45,Huarmey,PE,2021-07-23 21:58:56,-10.0681,-78.1522,66.24,79,24,11.52
46,Rio Gallegos,AR,2021-07-23 21:57:06,-51.6226,-69.2181,37.45,81,0,8.05
47,Ribeira Grande,PT,2021-07-23 21:58:56,38.5167,-28.7,71.73,94,100,8.3
48,Hermanus,ZA,2021-07-23 21:58:57,-34.4187,19.2345,48.9,76,0,12.19
49,Pitimbu,BR,2021-07-23 21:58:57,-7.4706,-34.8086,77.59,83,18,14.58
50,Saskylakh,RU,2021-07-23 21:58:57,71.9167,114.0833,55.62,75,98,16.35
51,Saint-Augustin,CA,2021-07-23 21:58:58,51.226,-58.6502,49.96,88,100,12.08
52,Norman Wells,CA,2021-07-23 21:58:58,65.282,-126.8329,59.04,72,75,12.66
53,Sivaki,RU,2021-07-23 21:58:58,52.6333,126.75,67.68,97,96,9.62
54,Nikolskoye,RU,2021-07-23 21:58:59,59.7035,30.7861,60.03,63,95,3.67
55,Raga,SS,2021-07-23 21:58:59,8.4596,25.678,71.76,90,62,3.83
56,Cape Town,ZA,2021-07-23 21:55:23,-33.9258,18.4232,50.11,67,0,2.3
57,Tuktoyaktuk,CA,2021-07-23 21:56:20,69.4541,-133.0374,57.2,62,75,9.22
58,Busselton,AU,2021-07-23 21:59:00,-33.65,115.3333,48.09,64,99,13.24
59,Yinchuan,CN,2021-07-23 21:59:00,38.4681,106.2731,73.33,68,1,5.41
60,Hithadhoo,MV,2021-07-23 21:59:00,-0.6,73.0833,82.08,77,100,11.48
61,Partyzany,UA,2021-07-23 21:59:01,46.3314,34.7503,66.58,52,0,7.47
62,Belaya Gora,RU,2021-07-23 21:59:01,68.5333,146.4167,59.77,42,98,7.83
63,Lompoc,US,2021-07-23 21:59:01,34.6391,-120.4579,91.69,63,66,7.0
64,Tocopilla,CL,2021-07-23 21:59:01,-22.092,-70.1979,61.84,73,20,9.08
65,Elko,US,2021-07-23 21:57:10,41.0002,-115.5012,97.74,14,16,5.01
66,Mnogovershinnyy,RU,2021-07-23 21:59:02,53.9353,139.9242,71.22,77,97,2.82
67,Prado,BR,2021-07-23 21:59:02,-17.3411,-39.2208,69.06,76,100,8.57
68,Alice Springs,AU,2021-07-23 21:59:03,-23.7,133.8833,44.15,61,1,8.05
69,Carnarvon,AU,2021-07-23 21:59:03,-24.8667,113.6333,59.07,67,75,9.22
70,Plouzane,FR,2021-07-23 21:59:03,48.3833,-4.6167,64.72,94,90,6.91
71,Uva,RU,2021-07-23 21:59:04,56.9908,52.1852,57.47,73,100,4.99
72,Faanui,PF,2021-07-23 21:59:04,-16.4833,-151.75,78.15,67,10,14.83
73,Atuona,PF,2021-07-23 21:59:04,-9.8,-139.0333,77.32,76,40,11.41
74,Pisco,PE,2021-07-23 21:54:44,-13.7,-76.2167,64.45,72,40,17.27
75,Padang,ID,2021-07-23 21:59:05,-0.9492,100.3543,77.0,83,100,3.65
76,Upernavik,GL,2021-07-23 21:59:05,72.7868,-56.1549,40.28,93,100,6.44
77,Kavieng,PG,2021-07-23 21:58:42,-2.5744,150.7967,82.8,78,15,15.21
78,Kahului,US,2021-07-23 21:59:06,20.8947,-156.47,85.26,81,35,13.0
79,Ketchikan,US,2021-07-23 21:59:06,55.3422,-131.6461,55.31,96,100,4.63
80,Mahebourg,MU,2021-07-23 21:59:07,-20.4081,57.7,68.29,83,75,5.75
81,Lieksa,FI,2021-07-23 21:59:07,63.3167,30.0167,48.99,75,40,6.91
82,Linhai,CN,2021-07-23 21:59:07,28.85,121.1167,77.94,89,100,4.45
83,Saint George,US,2021-07-23 21:59:08,37.1041,-113.5841,100.87,27,21,1.99
84,Ambovombe,MG,2021-07-23 21:59:08,-25.1667,46.0833,65.28,58,99,8.72
85,Svetlyy,RU,2021-07-23 21:59:08,54.675,20.1347,66.25,90,8,5.26
86,Tuatapere,NZ,2021-07-23 21:59:09,-46.1333,167.6833,44.82,83,54,5.53
87,Taoudenni,ML,2021-07-23 21:59:09,22.6783,-3.9836,100.38,22,95,9.04
88,Dubbo,AU,2021-07-23 21:59:09,-32.25,148.6167,48.33,93,90,11.5
89,Sarangani,PH,2021-07-23 21:59:10,5.4033,125.4636,83.34,77,77,9.55
90,Esperance,AU,2021-07-23 21:56:49,-33.8667,121.9,46.24,75,70,24.34
91,Khatanga,RU,2021-07-23 21:59:10,71.9667,102.5,52.54,75,19,7.05
92,Port Alfred,ZA,2021-07-23 21:59:11,-33.5906,26.891,53.26,66,100,4.43
93,Soe,ID,2021-07-23 21:59:11,-9.8607,124.284,60.01,45,3,3.51
94,Thompson,CA,2021-07-23 21:59:11,55.7435,-97.8558,71.76,37,75,16.11
95,Skibbereen,IE,2021-07-23 21:59:12,51.55,-9.2667,71.4,93,83,5.26
96,Great Yarmouth,GB,2021-07-23 21:56:45,52.6083,1.7305,61.02,89,65,12.33
97,Poya,NC,2021-07-23 21:59:12,-21.35,165.15,74.34,71,19,2.84
98,Salinas,US,2021-07-23 21:57:52,36.6777,-121.6555,94.69,63,1,9.33
99,Constitucion,CL,2021-07-23 21:57:36,-35.3333,-72.4167,53.94,81,100,9.01
100,Awbari,LY,2021-07-23 21:59:13,26.5921,12.7805,83.34,17,0,10.31
101,Severobaykalsk,RU,2021-07-23 21:59:13,55.65,109.3167,53.2,88,92,5.28
102,Lamar,US,2021-07-23 21:59:13,33.6668,-95.5836,92.86,69,70,5.19
103,Provideniya,RU,2021-07-23 21:59:14,64.3833,-173.3,53.82,62,56,7.9
104,Port-Cartier,CA,2021-07-23 21:59:14,50.0334,-66.8654,66.42,78,100,5.21
105,Tura,IN,2021-07-23 21:59:14,25.5198,90.2201,75.81,88,99,5.73
106,Alofi,NU,2021-07-23 21:59:15,-19.0595,-169.9187,78.69,89,7,10.36
107,Chara,RU,2021-07-23 21:59:15,56.9064,118.2631,59.97,81,97,1.36
108,Airai,TL,2021-07-23 21:59:15,-8.9266,125.4092,56.14,34,22,3.4
109,Kinshasa,CD,2021-07-23 21:55:24,-4.3246,15.3215,75.52,83,71,4.61
110,Bagnolo Mella,IT,2021-07-23 21:59:16,45.4291,10.1844,81.3,63,75,1.01
111,Qaanaaq,GL,2021-07-23 21:56:51,77.484,-69.3632,43.32,58,20,3.85
112,Mangai,CD,2021-07-23 21:59:16,-4.05,19.5333,75.54,32,94,0.74
113,Avarua,CK,2021-07-23 21:59:17,-21.2078,-159.775,77.05,69,20,8.05
114,Hualmay,PE,2021-07-23 21:59:03,-11.0964,-77.6139,64.9,79,29,10.58
115,Batagay-Alyta,RU,2021-07-23 21:59:17,67.8006,130.4114,62.47,66,44,1.88
116,Komsomolskiy,UZ,2021-07-23 21:59:17,40.4272,71.7189,78.22,47,0,4.61
117,Salinopolis,BR,2021-07-23 21:59:18,-0.6136,-47.3561,77.67,86,52,11.65
118,Sobolevo,RU,2021-07-23 21:59:18,54.4299,31.8996,56.19,91,20,2.53
119,Baneh,IR,2021-07-23 21:59:18,35.9975,45.8853,72.45,36,0,4.23
120,Omboue,GA,2021-07-23 21:59:19,-1.5746,9.2618,73.2,76,76,6.04
121,Merida,MX,2021-07-23 21:57:46,20.9667,-89.6167,93.02,52,48,15.05
122,Vung Tau,VN,2021-07-23 21:59:19,10.346,107.0843,80.67,82,100,18.59
123,Namatanai,PG,2021-07-23 21:59:20,-3.6667,152.4333,81.34,78,50,7.78
124,Anadyr,RU,2021-07-23 21:59:20,64.75,177.4833,57.7,82,40,8.01
125,Bima,ID,2021-07-23 21:59:20,-8.4667,118.7167,69.94,94,3,3.78
126,Sibu,MY,2021-07-23 21:59:21,2.3,111.8167,77.31,94,20,1.01
127,Melchor De Mencos,GT,2021-07-23 21:59:21,17.0686,-89.1522,91.4,62,75,4.61
128,Tarauaca,BR,2021-07-23 21:59:21,-8.1614,-70.7656,84.88,45,55,0.85
129,Meghraj,IN,2021-07-23 21:59:22,23.5,73.5,78.39,85,98,6.58
130,Clyde River,CA,2021-07-23 21:59:22,70.4692,-68.5914,39.43,87,75,23.02
131,Dawei,MM,2021-07-23 21:59:22,14.0833,98.2,78.26,93,100,8.48
132,New Norfolk,AU,2021-07-23 21:59:23,-42.7826,147.0587,44.74,82,73,1.43
133,Coihaique,CL,2021-07-23 21:59:23,-45.5752,-72.0662,43.41,96,55,5.82
134,Trapani,IT,2021-07-23 21:59:23,37.8333,12.6667,77.92,57,0,5.44
135,East London,ZA,2021-07-23 21:59:24,-33.0153,27.9116,52.99,66,94,3.67
136,Ilo,PE,2021-07-23 21:59:24,-17.6394,-71.3375,63.66,73,0,7.74
137,Castro,BR,2021-07-23 21:59:24,-24.7911,-50.0119,54.68,77,0,3.31
138,Lebu,CL,2021-07-23 21:56:58,-37.6167,-73.65,50.56,82,100,16.62
139,Imbituba,BR,2021-07-23 21:59:25,-28.24,-48.6703,66.09,84,2,14.27
140,Bodden Town,KY,2021-07-23 21:59:25,19.2833,-81.25,87.98,69,75,3.0
141,Souillac,MU,2021-07-23 21:59:26,-20.5167,57.5167,68.38,83,75,5.75
142,Dunedin,NZ,2021-07-23 21:59:26,-45.8742,170.5036,51.8,65,25,1.99
143,Santa Fe,AR,2021-07-23 21:59:26,-31.6333,-60.7,73.98,51,4,6.38
144,Bethel,US,2021-07-23 21:55:26,41.3712,-73.414,81.01,66,69,4.59
145,Port-Gentil,GA,2021-07-23 21:59:27,-0.7193,8.7815,75.16,78,90,5.75
146,Baykit,RU,2021-07-23 21:59:27,61.67,96.37,62.53,83,76,1.36
147,Arraial Do Cabo,BR,2021-07-23 21:59:27,-22.9661,-42.0278,69.66,68,0,12.66
148,Puerto Ayora,EC,2021-07-23 21:59:28,-0.7393,-90.3518,82.36,82,98,4.0
149,Kondinskoye,RU,2021-07-23 21:59:28,59.6481,67.41,59.34,77,100,0.6
150,Babanka,UA,2021-07-23 21:59:28,48.7097,30.4483,61.7,74,0,6.69
151,Krasnovishersk,RU,2021-07-23 21:59:29,60.4078,57.082,52.21,75,57,4.29
152,Payson,US,2021-07-23 21:59:29,40.0444,-111.7321,96.01,33,74,1.01
153,Caconda,AO,2021-07-23 21:59:29,-13.7333,15.0667,52.56,21,4,3.87
154,Ardakan,IR,2021-07-23 21:59:30,32.31,54.0175,97.18,14,4,3.0
155,Dourbali,TD,2021-07-23 21:59:30,11.8091,15.8632,77.07,74,51,4.88
156,Petropavlovsk-Kamchatskiy,RU,2021-07-23 21:59:30,53.0452,158.6483,59.59,88,20,2.24
157,Umm Lajj,SA,2021-07-23 21:59:31,25.0213,37.2685,85.26,61,0,7.74
158,Sorland,NO,2021-07-23 21:58:20,67.667,12.6934,51.93,96,100,12.5
159,Bambous Virieux,MU,2021-07-23 21:59:31,-20.3428,57.7575,68.25,83,75,5.75
160,Yellowknife,CA,2021-07-23 21:57:27,62.456,-114.3525,68.29,77,75,1.99
161,Bluff,NZ,2021-07-23 21:59:32,-46.6,168.3333,44.8,79,75,11.01
162,Ixtapa,MX,2021-07-23 21:59:32,20.7,-105.2,89.22,78,59,4.0
163,Kargasok,RU,2021-07-23 21:59:32,59.0556,80.8572,61.77,67,0,6.87
164,The Valley,AI,2021-07-23 21:59:33,18.217,-63.0578,85.86,83,40,11.5
165,Sitka,US,2021-07-23 21:56:38,57.0531,-135.33,57.09,88,75,5.75
166,Trinidad,BO,2021-07-23 21:59:33,-14.8333,-64.9,89.58,45,0,5.75
167,Antofagasta,CL,2021-07-23 21:59:33,-23.65,-70.4,58.28,79,91,4.29
168,Rosetta,EG,2021-07-23 21:59:34,31.4044,30.4164,80.42,68,0,19.28
169,Saint-Philippe,RE,2021-07-23 21:59:34,-21.3585,55.7679,67.59,74,27,6.85
170,Mumford,GH,2021-07-23 21:59:34,5.2618,-0.759,74.86,85,100,8.52
171,Flawil,CH,2021-07-23 21:59:35,47.4146,9.1828,71.24,72,91,3.78
172,Carson City,US,2021-07-23 21:59:35,39.1638,-119.7674,97.63,16,1,1.01
173,Kutum,SD,2021-07-23 21:59:36,14.2,24.6667,73.6,66,54,10.45
174,Baikunthpur,IN,2021-07-23 21:59:36,23.25,82.55,77.32,88,98,8.41
175,Tiksi,RU,2021-07-23 21:59:36,71.6872,128.8694,43.63,85,97,4.61
176,Hobart,AU,2021-07-23 21:58:26,-42.8794,147.3294,45.1,86,40,1.99
177,Hearst,CA,2021-07-23 21:59:37,49.6835,-83.6665,82.65,31,100,9.13
178,Orsha,BY,2021-07-23 21:59:37,54.5153,30.4053,57.15,93,6,6.46
179,Las Vegas,US,2021-07-23 21:56:27,36.175,-115.1372,107.19,24,75,3.0
180,Flinders,AU,2021-07-23 21:57:07,-34.5833,150.8552,51.39,89,96,1.01
181,Kodiak,US,2021-07-23 21:56:33,57.79,-152.4072,54.91,88,90,13.8
182,Salalah,OM,2021-07-23 21:59:38,17.0151,54.0924,77.4,95,100,11.43
183,Plettenberg Bay,ZA,2021-07-23 21:59:38,-34.0527,23.3716,48.96,73,5,7.54
184,Amapa,BR,2021-07-23 21:59:38,1.0,-52.0,75.61,76,72,2.93
185,Talhar,PK,2021-07-23 21:59:39,24.8833,68.8167,85.64,70,100,11.83
186,Chokurdakh,RU,2021-07-23 21:59:39,70.6333,147.9167,42.3,67,74,13.2
187,Solnechnyy,RU,2021-07-23 21:59:39,50.7214,136.6319,79.79,72,58,1.36
188,Talnakh,RU,2021-07-23 21:59:40,69.4865,88.3972,60.58,72,100,21.7
189,Nemuro,JP,2021-07-23 21:59:40,43.3236,145.575,62.74,91,93,10.33
190,Los Llanos De Aridane,ES,2021-07-23 21:59:40,28.6585,-17.9182,69.55,90,0,17.27
191,Gasan,PH,2021-07-23 21:59:41,13.3237,121.8467,81.82,82,100,9.31
192,Mercedes,AR,2021-07-23 21:59:41,-34.6515,-59.4307,67.86,67,91,4.56
193,Tepepa,MX,2021-07-23 21:59:41,20.1333,-98.1833,62.02,83,44,7.65
194,Ilulissat,GL,2021-07-23 21:59:42,69.2167,-51.1,38.66,95,100,4.92
195,Mantua,IT,2021-07-23 21:59:42,45.1667,10.7833,80.08,75,81,3.0
196,Smithers,CA,2021-07-23 21:59:42,54.7804,-127.1743,61.12,67,75,5.75
197,Yatou,CN,2021-07-23 21:59:43,37.15,122.3833,75.94,74,28,2.39
198,Kichera,RU,2021-07-23 21:59:43,55.9375,110.0997,60.67,79,95,4.56
199,Sept-Iles,CA,2021-07-23 21:56:59,50.2001,-66.3821,66.72,72,75,4.61
200,Sanmenxia,CN,2021-07-23 21:59:44,34.7747,111.1814,72.84,92,99,5.93
201,Victoria,HK,2021-07-23 21:57:44,22.2855,114.1577,86.38,89,74,5.99
202,College,US,2021-07-23 21:59:44,64.8569,-147.8028,74.28,73,90,3.44
203,Lagoa,PT,2021-07-23 21:59:44,39.05,-27.9833,70.14,95,100,13.89
204,Hastings,GB,2021-07-23 21:59:45,50.8552,0.5729,64.8,92,100,22.55
205,Mar Del Plata,AR,2021-07-23 21:59:45,-38.0023,-57.5575,59.02,56,0,1.99
206,Howard Springs,AU,2021-07-23 21:59:45,-12.497,131.047,70.83,98,1,1.83
207,Svetlogorsk,BY,2021-07-23 21:59:46,52.6333,29.7333,59.58,85,64,6.96
208,Mehamn,NO,2021-07-23 21:56:34,71.0357,27.8492,44.53,89,100,31.88
209,Beringovskiy,RU,2021-07-23 21:59:46,63.05,179.3167,53.2,81,100,6.04
210,Lasa,IT,2021-07-23 21:59:46,46.6166,10.7002,65.14,78,27,2.17
211,Havelock,US,2021-07-23 21:59:47,34.8791,-76.9013,85.05,58,5,5.99
212,Pringsewu,ID,2021-07-23 21:59:47,-5.3582,104.9744,72.79,97,78,4.56
213,Codrington,AU,2021-07-23 21:57:54,-38.2667,141.9667,48.31,91,100,24.16
214,Aykhal,RU,2021-07-23 21:59:48,66.0,111.5,59.45,82,29,12.19
215,Raudeberg,NO,2021-07-23 21:59:48,61.9875,5.1352,59.67,86,72,12.41
216,Klyuchi,RU,2021-07-23 21:59:48,52.2667,79.1667,68.83,74,53,2.82
217,Bilma,NE,2021-07-23 21:59:49,18.6853,12.9164,93.24,30,7,11.68
218,Adiake,CI,2021-07-23 21:59:49,5.2863,-3.304,78.39,83,22,6.53
219,Vestmannaeyjar,IS,2021-07-23 21:59:49,63.4427,-20.2734,52.79,100,90,10.36
220,Meadow Lake,US,2021-07-23 21:59:50,34.8014,-106.5436,83.84,40,58,11.9
221,Pedasi,PA,2021-07-23 21:59:50,7.5333,-80.0333,81.52,78,100,1.23
222,Kloulklubed,PW,2021-07-23 21:59:50,7.0419,134.2556,85.06,71,100,14.9
223,Zuwarah,LY,2021-07-23 21:59:51,32.9312,12.082,79.38,70,0,12.12
224,Cleveland,US,2021-07-23 21:58:42,41.4995,-81.6954,81.5,59,75,8.05
225,Gondanglegi,ID,2021-07-23 21:59:51,-7.7479,112.0132,73.71,80,9,14.18
226,Haimen,CN,2021-07-23 21:59:51,23.1935,116.6142,80.49,90,32,3.49
227,Kayes,ML,2021-07-23 21:59:52,14.0,-11.0,81.59,66,76,10.29
228,Benghazi,LY,2021-07-23 21:59:52,32.1167,20.0667,79.09,66,0,13.53
229,Vryburg,ZA,2021-07-23 21:59:52,-26.9566,24.7284,32.2,37,0,4.16
230,Cherskiy,RU,2021-07-23 21:59:53,68.75,161.3,51.51,62,0,7.56
231,Turgutlu,TR,2021-07-23 21:59:53,38.4953,27.6997,77.27,64,0,2.95
232,Portland,US,2021-07-23 21:58:24,45.5234,-122.6762,86.56,27,0,1.99
233,Mount Gambier,AU,2021-07-23 21:59:54,-37.8333,140.7667,46.31,93,75,17.27
234,Haines Junction,CA,2021-07-23 21:59:54,60.7522,-137.5108,67.95,40,27,5.75
235,Yumen,CN,2021-07-23 21:59:54,40.2833,97.2,79.0,39,25,4.25
236,Boysun,UZ,2021-07-23 21:59:55,38.2061,67.1986,77.76,18,8,6.64
237,Klaksvik,FO,2021-07-23 21:59:55,62.2266,-6.589,50.92,91,77,17.2
238,Brownsville,US,2021-07-23 21:57:39,25.9018,-97.4975,91.9,66,5,5.99
239,Laguna,US,2021-07-23 21:56:45,38.421,-121.4238,108.21,22,1,1.99
240,Fairview,US,2021-07-23 21:59:56,40.8126,-73.999,84.24,47,75,8.99
241,Joshimath,IN,2021-07-23 21:59:56,30.5667,79.5667,70.93,85,73,2.35
242,Marzuq,YE,2021-07-23 21:59:57,14.4,46.4667,68.04,83,100,6.17
243,Yelan,RU,2021-07-23 21:59:57,50.949,43.7378,60.75,62,20,3.78
244,Kaitangata,NZ,2021-07-23 21:59:57,-46.2817,169.8464,45.93,73,39,3.18
245,Okhotsk,RU,2021-07-23 21:59:58,59.3833,143.3,59.86,85,89,1.92
246,Geraldton,AU,2021-07-23 21:58:02,-28.7667,114.6,54.12,93,75,5.75
247,Magadan,RU,2021-07-23 21:59:58,59.5667,150.8,54.52,87,99,1.97
248,Port Hardy,CA,2021-07-23 21:59:59,50.6996,-127.4199,60.98,82,90,4.61
249,Kamen-Rybolov,RU,2021-07-23 21:59:59,44.7481,132.0403,77.2,78,95,5.77
250,Chokwe,MZ,2021-07-23 22:00:00,-24.5333,32.9833,54.91,69,0,5.32
251,Half Moon Bay,US,2021-07-23 22:00:00,37.4636,-122.4286,98.74,57,1,13.8
252,Kemijarvi,FI,2021-07-23 22:00:00,66.7131,27.4306,46.62,77,97,4.81
253,Kavaratti,IN,2021-07-23 22:00:01,10.5669,72.642,81.7,82,93,21.63
254,Kyzyl-Suu,KG,2021-07-23 22:00:01,42.3414,78.0056,63.25,41,0,5.64
255,Lavrentiya,RU,2021-07-23 21:58:39,65.5833,-171.0,49.87,69,74,8.63
256,Tezu,IN,2021-07-23 22:00:02,27.9167,96.1667,75.79,96,85,2.24
257,Peniche,PT,2021-07-23 22:00:02,39.3558,-9.3811,67.62,88,68,9.6
258,Egvekinot,RU,2021-07-23 22:00:03,66.3167,-179.1667,48.07,81,87,5.61
259,Preobrazheniye,RU,2021-07-23 22:00:04,42.9019,133.9064,77.14,88,29,4.76
260,Henties Bay,NA,2021-07-23 22:00:04,-22.116,14.2845,58.86,40,0,4.21
261,Bayir,TR,2021-07-23 22:00:05,37.2687,28.2167,77.52,46,0,5.61
262,Cairns,AU,2021-07-23 21:55:17,-16.9167,145.7667,75.94,94,18,0.0
263,Majene,ID,2021-07-23 22:00:06,-3.5403,118.9707,76.73,87,100,13.09
264,Margate,GB,2021-07-23 21:59:55,51.3813,1.3862,64.31,85,100,7.0
265,Kawambwa,ZM,2021-07-23 22:00:08,-9.7915,29.0791,65.35,48,69,12.66
266,Am Timan,TD,2021-07-23 22:00:08,11.0297,20.2827,75.2,76,5,4.32
267,Lena,ES,2021-07-23 22:00:09,43.1,-5.7333,54.36,93,5,1.5
268,Qui Nhon,VN,2021-07-23 22:00:09,13.7667,109.2333,82.2,70,100,14.12
269,Bardiyah,LY,2021-07-23 22:00:10,31.7561,25.0865,77.79,67,0,13.49
270,Acajutla,SV,2021-07-23 22:00:11,13.5928,-89.8275,93.79,54,99,3.04
271,Ponta Do Sol,PT,2021-07-23 22:00:11,32.6667,-17.1,72.23,68,2,7.29
272,Longyearbyen,SJ,2021-07-23 22:00:12,78.2186,15.6401,44.44,87,75,8.05
273,Skjervoy,NO,2021-07-23 22:00:12,70.0311,20.9714,48.16,85,100,24.61
274,Hambantota,LK,2021-07-23 21:56:55,6.1241,81.1185,77.34,100,75,11.5
275,Filadelfia,US,2021-07-23 21:56:55,39.9523,-75.1638,85.98,41,36,3.0
276,Ugoofaaru,MV,2021-07-23 22:00:13,5.6667,73.0,82.35,77,88,12.62
277,Antigonish,CA,2021-07-23 22:00:14,45.6169,-61.9986,71.15,66,13,1.99
278,Taft,IR,2021-07-23 22:00:14,31.7471,54.2088,85.87,16,4,5.93
279,Severo-Kurilsk,RU,2021-07-23 22:00:14,50.6789,156.125,56.16,90,92,7.81
280,San Francisco,US,2021-07-23 21:59:24,37.7749,-122.4194,101.37,67,19,3.0
281,Aketi,CD,2021-07-23 22:00:15,2.7388,23.7833,73.6,87,99,1.92
282,Usinsk,RU,2021-07-23 22:00:16,65.9939,57.5281,52.43,78,96,10.38
283,Ponte Nova,BR,2021-07-23 22:00:17,-20.4164,-42.9086,63.16,57,0,3.76
284,Goderich,CA,2021-07-23 22:00:13,43.7501,-81.7165,78.21,65,37,4.03
285,Dikson,RU,2021-07-23 22:00:18,73.5069,80.5464,44.65,70,99,15.17
286,Hervey Bay,AU,2021-07-23 22:00:19,-25.2986,152.8535,64.67,89,48,10.36
287,Ntchisi,MW,2021-07-23 22:00:19,-13.5278,33.9149,54.59,83,100,8.46
288,Lufkin,US,2021-07-23 21:56:20,31.3382,-94.7291,93.6,39,27,7.45
289,Kysyl-Syr,RU,2021-07-23 22:00:20,63.8986,122.7617,66.07,70,100,5.35
290,Hinganghat,IN,2021-07-23 22:00:20,20.5667,78.8333,76.1,85,100,8.93
291,Cayenne,GF,2021-07-23 22:00:04,4.9333,-52.3333,83.08,82,0,5.01
292,Peleduy,RU,2021-07-23 22:00:21,59.6289,112.7406,61.16,90,3,1.14
293,Launceston,AU,2021-07-23 22:00:22,-41.45,147.1667,47.16,94,90,1.01
294,Acarau,BR,2021-07-23 21:58:34,-2.8856,-40.12,79.16,77,10,17.2
295,At-Bashi,KG,2021-07-23 22:00:22,41.1702,75.8106,57.11,45,62,1.92
296,Pirot,RS,2021-07-23 22:00:23,43.1531,22.5861,65.95,74,5,1.77
297,Tual,ID,2021-07-23 22:00:24,-5.6667,132.75,79.38,83,100,17.49
298,Mezen,RU,2021-07-23 22:00:24,65.8522,44.24,40.86,89,43,6.91
299,Port Lincoln,AU,2021-07-23 22:00:24,-34.7333,135.8667,52.83,66,34,23.94
300,Namibe,AO,2021-07-23 22:00:25,-15.1961,12.1522,65.03,91,13,4.7
301,Gamba,GA,2021-07-23 22:00:26,-2.65,10.0,70.59,84,39,5.28
302,Kalmunai,LK,2021-07-23 21:56:37,7.4167,81.8167,78.42,71,68,8.99
303,Rawson,AR,2021-07-23 21:59:30,-43.3002,-65.1023,49.64,36,4,10.54
304,Luganville,VU,2021-07-23 22:00:26,-15.5333,167.1667,78.6,83,99,6.78
305,Zhanaozen,KZ,2021-07-23 22:00:27,43.3,52.8,80.71,41,61,16.87
306,Camana,PE,2021-07-23 22:00:27,-16.6228,-72.7111,62.37,81,3,7.81
307,Bosaso,SO,2021-07-23 22:00:28,11.2842,49.1816,92.32,42,71,13.24
308,Port Elizabeth,ZA,2021-07-23 21:56:27,-33.918,25.5701,44.89,87,90,4.61
309,Mporokoso,ZM,2021-07-23 22:00:28,-9.3727,30.125,63.45,54,47,11.79
310,Yagodnoye,RU,2021-07-23 22:00:29,62.55,149.6667,56.84,78,98,0.98
311,East Wenatchee Bench,US,2021-07-23 22:00:29,47.4257,-120.2812,90.01,22,0,1.01
312,Saint-Joseph,RE,2021-07-23 22:00:30,-21.3667,55.6167,66.58,71,15,5.91
313,Akyab,MM,2021-07-23 22:00:30,20.15,92.9,82.2,84,100,15.21
314,Moen,NO,2021-07-23 22:00:31,69.1304,18.6123,47.12,93,90,2.3
315,Dubrovka,RU,2021-07-23 22:00:31,53.6907,33.5071,60.78,88,78,5.61
316,Lishui,CN,2021-07-23 22:00:32,28.4604,119.9103,74.35,98,100,2.57
317,Yubari,JP,2021-07-23 22:00:32,43.0378,141.9578,72.32,85,46,3.87
318,Sheridan,US,2021-07-23 22:00:32,44.8333,-106.9173,91.02,29,6,1.99
319,Carbonia,IT,2021-07-23 22:00:33,39.1672,8.5222,78.85,45,0,5.41
320,Yaan,NG,2021-07-23 22:00:33,7.3833,8.5667,71.64,97,100,5.57
321,Manggar,ID,2021-07-23 22:00:34,-2.8833,108.2667,81.07,79,25,10.16
322,Nanortalik,GL,2021-07-23 22:00:34,60.1432,-45.2371,43.07,85,37,11.05
323,Rocha,UY,2021-07-23 22:00:35,-34.4833,-54.3333,60.26,87,34,3.89
324,Sabang,ID,2021-07-23 22:00:35,5.8933,95.3214,83.23,76,100,20.42
325,Luderitz,NA,2021-07-23 22:00:36,-26.6481,15.1594,65.61,21,0,22.03
326,Nome,US,2021-07-23 22:00:36,64.5011,-165.4064,53.17,76,90,13.8
327,Changtu,CN,2021-07-23 22:00:37,42.7788,124.0955,73.72,85,18,6.55
328,Bestobe,KZ,2021-07-23 22:00:37,52.4994,73.0975,71.33,44,0,4.83
329,Aska,IN,2021-07-23 22:00:37,19.6061,84.6725,80.46,84,100,3.13
330,Carnaiba,BR,2021-07-23 22:00:38,-8.7,-37.6667,69.49,68,60,14.18
331,Deputatskiy,RU,2021-07-23 22:00:38,69.3,139.9,55.51,61,78,4.79
332,Shyryayeve,UA,2021-07-23 22:00:39,47.3805,30.1964,64.63,66,0,4.54
333,Dholka,IN,2021-07-23 22:00:39,22.7167,72.4667,82.78,81,100,11.61
334,Fukue,JP,2021-07-23 22:00:39,32.6881,128.8419,79.74,79,100,12.26
335,Orange,US,2021-07-23 22:00:02,33.7,-117.7675,104.05,64,15,1.99
336,Labuhan,ID,2021-07-23 22:00:40,-6.8844,112.2051,75.69,79,6,8.72
337,Lorengau,PG,2021-07-23 21:59:07,-2.0226,147.2712,81.66,81,30,7.47
338,Kokuy,RU,2021-07-23 22:00:40,52.2037,117.5529,59.0,91,3,4.38
339,Ambilobe,MG,2021-07-23 22:00:41,-13.2,49.05,64.49,84,0,3.62
340,Hibbing,US,2021-07-23 22:00:41,47.4272,-92.9377,89.1,28,55,7.74
341,Nsanje,MW,2021-07-23 22:00:41,-16.92,35.262,68.07,64,98,7.92
342,Emerald,AU,2021-07-23 22:00:42,-23.5333,148.1667,62.98,36,3,8.48
343,Mamlyutka,KZ,2021-07-23 22:00:43,54.9375,68.5394,73.47,57,63,9.75
344,Torbay,CA,2021-07-23 21:57:04,47.6666,-52.7314,62.76,94,75,4.61
345,Avera,US,2021-07-23 22:00:43,33.194,-82.5271,91.71,58,89,5.82
346,Lisala,CD,2021-07-23 22:00:43,2.15,21.5167,70.34,88,65,1.05
347,Whitehorse,CA,2021-07-23 22:00:44,60.7161,-135.0538,69.03,37,49,8.01
348,Kruisfontein,ZA,2021-07-23 22:00:39,-34.0033,24.7314,44.26,76,36,5.08
349,Port Macquarie,AU,2021-07-23 22:00:44,-31.4333,152.9167,49.89,76,50,7.92
350,Naantali,FI,2021-07-23 22:00:44,60.4674,22.0243,57.11,71,0,5.75
351,Vila Franca Do Campo,PT,2021-07-23 22:00:45,37.7167,-25.4333,70.21,86,91,5.41
352,Luchegorsk,RU,2021-07-23 22:00:45,46.4764,134.2569,80.94,71,71,3.65
353,Alugan,PH,2021-07-23 22:00:45,12.2188,125.4808,81.34,72,100,11.68
354,Sumbe,AO,2021-07-23 22:00:46,-11.2061,13.8437,69.28,87,30,6.71
355,Gat,IL,2021-07-23 21:57:53,31.61,34.7642,79.79,100,44,10.2
356,San Cristobal,VE,2021-07-23 22:00:47,7.7669,-72.225,74.05,78,100,4.76
357,Pierre,US,2021-07-23 22:00:47,44.3683,-100.351,99.0,34,65,1.01
358,Ahuimanu,US,2021-07-23 22:00:47,21.4447,-157.8378,85.71,69,47,20.18
359,Port Hawkesbury,CA,2021-07-23 22:00:48,45.6169,-61.3485,70.92,69,12,3.0
360,Harper,LR,2021-07-23 22:00:48,4.375,-7.7169,75.54,75,89,7.94
361,Fort Payne,US,2021-07-23 22:00:49,34.4442,-85.7197,90.41,57,1,4.61
362,Payo,ID,2021-07-23 22:00:49,-3.7508,103.6372,70.57,98,50,2.17
363,Vao,NC,2021-07-23 22:00:49,-22.6667,167.4833,70.86,77,12,7.63
364,Buluang,PH,2021-07-23 22:00:50,13.3068,123.3425,80.62,86,100,15.08
365,Sarankhola,BD,2021-07-23 22:00:50,22.3082,89.7897,80.64,91,100,11.18
366,Cancun,MX,2021-07-23 21:59:21,21.1743,-86.8466,89.06,62,80,8.75
367,Aswan,EG,2021-07-23 22:00:51,24.0934,32.907,90.9,23,0,9.89
368,Aklavik,CA,2021-07-23 22:00:51,68.2191,-135.0107,64.49,48,96,2.71
369,Ahipara,NZ,2021-07-23 22:00:51,-35.1667,173.1667,55.45,75,2,3.4
370,Santa Cruz De La Palma,ES,2021-07-23 22:00:52,28.6835,-17.7642,73.54,73,0,17.27
371,Pochutla,MX,2021-07-23 22:00:52,15.7432,-96.4661,90.82,55,61,7.02
372,Coquimbo,CL,2021-07-23 21:56:42,-29.9533,-71.3436,55.13,76,90,5.75
373,Nieuw Amsterdam,SR,2021-07-23 22:00:53,5.8833,-55.0833,81.14,86,40,4.61
374,Noshiro,JP,2021-07-23 22:00:53,40.2039,140.0242,77.94,81,18,3.31
375,Leshukonskoye,RU,2021-07-23 21:58:16,64.8989,45.7622,37.99,83,6,4.68
376,Poum,NC,2021-07-23 22:00:54,-20.2333,164.0167,72.57,75,7,5.99
377,Nantucket,US,2021-07-23 21:57:45,41.2835,-70.0995,75.96,83,13,5.73
378,Wasilla,US,2021-07-23 21:57:53,61.5814,-149.4394,65.52,69,100,1.99
379,Kieta,PG,2021-07-23 21:57:07,-6.2167,155.6333,82.31,74,36,4.29
380,Cabo San Lucas,MX,2021-07-23 22:00:03,22.8909,-109.9124,99.81,64,0,11.07
381,Bulungu,CD,2021-07-23 22:00:55,-4.55,18.6,74.97,28,23,1.36
382,Nalut,LY,2021-07-23 22:00:55,30.3333,10.85,84.92,22,0,11.72
383,Pangnirtung,CA,2021-07-23 22:00:56,66.1451,-65.7125,48.67,67,99,6.87
384,Black River,JM,2021-07-23 22:00:56,18.0264,-77.8487,84.97,64,87,8.48
385,Mbanza-Ngungu,CD,2021-07-23 22:00:56,-5.25,14.8667,71.56,51,7,8.21
386,Kabarnet,KE,2021-07-23 22:00:57,0.4919,35.743,53.58,85,31,3.62
387,Ostrovnoy,RU,2021-07-23 22:00:57,68.0531,39.5131,42.51,95,100,25.61
388,Sulangan,PH,2021-07-23 22:00:57,11.1373,123.7228,84.02,71,100,18.28
389,Sampit,ID,2021-07-23 22:00:58,-2.5333,112.95,73.26,99,95,2.28
390,Hasaki,JP,2021-07-23 22:00:58,35.7333,140.8333,77.4,81,0,3.53
391,Porto Novo,BJ,2021-07-23 22:00:59,6.4965,2.6036,75.9,78,17,8.88
392,Santa Cruz Cabralia,BR,2021-07-23 22:00:59,-16.2781,-39.0247,68.23,83,20,2.3
393,Gisors,FR,2021-07-23 22:00:59,49.2818,1.7801,77.99,87,91,8.93
394,Tendo,JP,2021-07-23 22:01:00,38.3536,140.3697,75.69,90,47,1.21
395,Wewak,PG,2021-07-23 22:01:00,-3.5534,143.6268,78.62,89,100,6.04
396,Midleton,IE,2021-07-23 22:01:01,51.9153,-8.1805,71.38,90,80,5.06
397,Vavozh,RU,2021-07-23 22:01:01,56.7751,51.931,58.91,69,100,5.99
398,Hovd,MN,2021-07-23 22:00:51,48.0056,91.6419,67.35,52,22,3.62
399,Teontepec,MX,2021-07-23 22:01:02,18.5,-97.5167,73.72,34,0,18.48
400,Grindavik,IS,2021-07-23 22:00:38,63.8424,-22.4338,54.55,100,90,14.97
401,Udarnyy,RU,2021-07-23 22:01:02,54.3409,42.8611,55.02,87,29,5.23
402,Naze,JP,2021-07-23 21:59:17,28.3667,129.4833,79.72,89,96,28.54
403,Ginda,IN,2021-07-23 22:01:03,30.6945,78.4932,66.33,88,42,3.33
404,Dalbandin,PK,2021-07-23 22:00:57,28.8947,64.4101,88.03,33,41,12.8
405,Kem,RU,2021-07-23 22:01:03,64.9555,34.5793,45.81,71,100,6.69
406,Cassilandia,BR,2021-07-23 22:01:03,-19.1133,-51.7342,72.46,31,0,5.19
407,Basar,IN,2021-07-23 22:01:04,27.9833,94.6667,72.18,98,82,1.48
408,Itaqui,BR,2021-07-23 22:01:04,-29.1253,-56.5531,65.89,59,0,8.1
409,Kiama,AU,2021-07-23 22:01:04,-34.6833,150.8667,51.58,90,96,1.01
410,Shelburne,CA,2021-07-23 22:01:05,44.0787,-80.2041,79.05,53,54,0.45
411,Hornepayne,CA,2021-07-23 22:01:05,49.2138,-84.7705,81.36,36,81,11.63
412,Touros,BR,2021-07-23 22:01:05,-5.1989,-35.4608,77.05,80,4,16.2
413,Bontang,ID,2021-07-23 22:01:06,0.1333,117.5,76.48,93,99,7.56
414,Auki,SB,2021-07-23 22:01:06,-8.7676,160.7034,82.83,70,93,2.91
415,Loviisa,FI,2021-07-23 22:01:07,60.4566,26.2251,59.45,58,73,4.9
416,Fuerte Olimpo,PY,2021-07-23 22:01:07,-21.0415,-57.8738,81.21,26,0,5.82
417,Luanda,AO,2021-07-23 21:56:35,-8.8368,13.2343,68.54,90,9,3.69
418,Sao Gabriel Da Cachoeira,BR,2021-07-23 22:01:07,-0.1303,-67.0892,75.9,96,37,2.91
419,Dingle,PH,2021-07-23 22:00:54,10.9995,122.6711,78.35,86,100,13.06
420,Maceio,BR,2021-07-23 22:01:08,-9.6658,-35.7353,76.44,73,0,5.75
421,Yanliang,CN,2021-07-23 22:01:08,34.6592,109.2292,73.2,79,5,8.16
422,Bairiki,KI,2021-07-23 22:01:09,1.3292,172.9752,83.26,69,23,17.49
423,Natal,BR,2021-07-23 21:56:22,-5.795,-35.2094,77.65,78,75,12.66
424,Mackenzie,CA,2021-07-23 22:00:14,55.2999,-123.1698,67.41,41,100,11.1
425,Linxia,CN,2021-07-23 22:01:09,35.6003,103.2064,63.52,85,1,2.8
426,Roebourne,AU,2021-07-23 22:01:10,-20.7833,117.1333,68.52,40,6,11.65
427,Tupik,RU,2021-07-23 22:01:10,54.4253,119.9327,60.75,93,99,3.58
428,Bintulu,MY,2021-07-23 22:01:10,3.1667,113.0333,76.55,94,84,3.4
429,Carlyle,US,2021-07-23 22:00:13,38.6103,-89.3726,90.99,61,4,3.0
430,Pachino,IT,2021-07-23 22:01:11,36.7186,15.0907,79.59,64,0,9.8
431,Waingapu,ID,2021-07-23 22:01:11,-9.6567,120.2641,70.25,75,0,6.08
432,Yar-Sale,RU,2021-07-23 21:57:37,66.8333,70.8333,48.54,93,88,14.88
433,Maturin,VE,2021-07-23 22:01:12,9.75,-63.1767,81.0,78,100,6.49
434,Vila,PT,2021-07-23 21:59:15,42.0304,-8.1588,54.48,96,5,2.77
435,Vavuniya,LK,2021-07-23 22:01:12,8.7514,80.4971,78.37,79,99,10.13
436,Maningrida,AU,2021-07-23 22:01:12,-12.0667,134.2667,68.04,94,15,4.0
437,Atambua,ID,2021-07-23 21:57:39,-9.1061,124.8925,66.02,61,10,4.29
438,Lokomotivnyy,RU,2021-07-23 22:01:13,53.0118,60.5684,64.87,93,100,9.35
439,Rancho Palos Verdes,US,2021-07-23 21:56:23,33.7445,-118.387,98.22,78,17,5.99
440,Stornoway,GB,2021-07-23 22:01:13,58.2093,-6.3865,59.94,94,76,5.75
441,Saran,FR,2021-07-23 22:01:14,47.9501,1.876,77.02,61,0,10.36
442,Wanaka,NZ,2021-07-23 22:00:06,-44.7,169.15,34.11,99,7,1.01
443,Parainen,FI,2021-07-23 22:01:14,60.3067,22.301,57.15,71,18,11.32
444,Dicabisagan,PH,2021-07-23 22:01:15,17.0818,122.4157,82.36,75,100,5.44
445,Necochea,AR,2021-07-23 22:01:15,-38.5473,-58.7368,50.04,88,100,11.59
446,Matara,LK,2021-07-23 21:59:45,5.9485,80.5353,76.68,89,95,9.6
447,Aldan,RU,2021-07-23 22:01:15,58.6031,125.3894,60.76,99,100,3.87
448,Gao,ML,2021-07-23 22:01:16,16.6362,1.637,92.12,41,36,9.37
449,Pevek,RU,2021-07-23 22:01:16,69.7008,170.3133,37.69,96,100,2.82
450,Port Keats,AU,2021-07-23 22:01:16,-14.25,129.55,69.64,84,8,2.44
451,Charters Towers,AU,2021-07-23 22:01:17,-20.1,146.2667,63.41,47,7,10.31
452,Magan,ES,2021-07-23 22:01:17,39.9683,-3.931,83.62,26,0,12.3
453,San Pedro,PH,2021-07-23 22:01:17,14.35,121.0167,80.15,95,100,18.37
454,High Level,CA,2021-07-23 22:01:18,58.5169,-117.136,74.16,49,59,8.99
455,Cabedelo,BR,2021-07-23 21:59:36,-6.9811,-34.8339,77.67,85,14,15.75
456,Dharchula,IN,2021-07-23 22:01:18,29.85,80.5333,73.58,92,94,0.65
457,Sur,OM,2021-07-23 21:59:54,22.5667,59.5289,90.3,60,51,13.71
458,Flin Flon,CA,2021-07-23 22:01:19,54.7682,-101.865,70.29,43,93,18.5
459,Ayan,RU,2021-07-23 22:01:19,56.45,138.1667,58.28,94,100,12.82
460,Tandil,AR,2021-07-23 22:01:19,-37.3217,-59.1332,54.46,68,100,8.08
461,Champerico,GT,2021-07-23 22:01:20,14.3,-91.9167,90.36,71,27,9.13
462,Elverum,NO,2021-07-23 22:01:20,60.8819,11.5623,60.06,70,6,1.66
463,Mbini,GQ,2021-07-23 22:01:21,1.574,9.6134,76.42,82,99,9.04
464,Pocone,BR,2021-07-23 22:01:21,-16.2567,-56.6228,84.04,26,0,3.58
465,Cap Malheureux,MU,2021-07-23 22:01:21,-19.9842,57.6142,72.75,68,45,14.92
466,Palamos,ES,2021-07-23 22:01:22,41.8484,3.1291,80.31,75,63,7.14
467,Verkhoyansk,RU,2021-07-23 22:01:22,67.5447,133.385,67.95,43,99,2.98
468,Along,IN,2021-07-23 22:01:23,28.1667,94.7667,74.71,97,79,0.76
469,Amga,RU,2021-07-23 22:01:23,60.8953,131.9608,69.13,67,93,9.26
470,Fallon,US,2021-07-23 21:59:16,39.4735,-118.7774,98.46,12,4,2.04
471,Maragogi,BR,2021-07-23 22:01:24,-9.0122,-35.2225,74.35,77,20,10.47
472,Gazanjyk,TM,2021-07-23 22:01:24,39.2446,55.5154,87.53,47,0,8.48
473,Keningau,MY,2021-07-23 22:01:24,5.3378,116.1602,72.05,94,83,0.81
474,Karatau,KZ,2021-07-23 22:01:25,43.1667,70.4667,73.83,32,0,0.85
475,Hamilton,US,2021-07-23 21:57:03,39.1834,-84.5333,87.1,54,7,1.99
476,Moree,AU,2021-07-23 22:01:19,-29.4667,149.85,48.31,91,5,9.6
477,Ukiah,US,2021-07-23 22:01:26,39.1502,-123.2078,107.13,18,1,5.99
478,Sao Jose Da Coroa Grande,BR,2021-07-23 22:01:26,-8.8978,-35.1478,74.66,78,16,10.94
479,Sioux Lookout,CA,2021-07-23 22:01:26,50.1001,-91.917,92.35,34,80,9.33
480,Sangar,RU,2021-07-23 22:01:27,63.9242,127.4739,66.43,71,100,1.14
481,Roald,NO,2021-07-23 22:01:27,62.5833,6.1333,60.85,94,63,11.5
482,Yulara,AU,2021-07-23 22:01:27,-25.2406,130.9889,46.71,58,5,5.99
483,Bol,TD,2021-07-23 22:01:28,13.4586,14.7147,80.83,79,88,13.02
484,Kapit,MY,2021-07-23 22:01:28,2.0167,112.9333,73.69,97,96,0.49
485,Mkuranga,TZ,2021-07-23 22:01:28,-7.118,39.2078,69.66,80,51,7.02
486,Burnie,AU,2021-07-23 22:01:29,-41.0667,145.9167,52.92,87,100,16.44
487,Chapais,CA,2021-07-23 22:01:29,49.7834,-74.8492,76.14,30,70,5.7
488,Daru,PG,2021-07-23 22:01:30,-9.0763,143.2092,76.87,84,100,8.21
489,Nizhniy Baskunchak,RU,2021-07-23 22:01:30,48.2198,46.8311,76.6,45,98,9.51
490,Le Pradet,FR,2021-07-23 22:01:30,43.1066,6.0172,81.28,71,0,4.61
491,Vila Velha,BR,2021-07-23 22:01:31,-20.3297,-40.2925,68.92,63,0,3.44
492,Copiapo,CL,2021-07-23 21:59:48,-27.3667,-70.3333,51.49,51,96,1.36
493,Husavik,IS,2021-07-23 22:01:31,66.0449,-17.3389,58.3,83,78,2.59
494,Shingu,JP,2021-07-23 21:56:37,33.7333,135.9833,77.92,80,82,4.99
495,Bilibino,RU,2021-07-23 22:01:32,68.0546,166.4372,59.77,66,81,6.8
496,Saint Anthony,US,2021-07-23 22:01:32,45.0205,-93.218,91.33,51,90,13.8
497,Port Augusta,AU,2021-07-23 22:01:33,-32.5,137.7667,52.7,63,53,15.39
498,Axim,GH,2021-07-23 22:01:33,4.8699,-2.2405,74.95,82,90,6.76
499,Fairbanks,US,2021-07-23 22:01:33,64.8378,-147.7164,74.3,74,90,3.44
500,Mackay,AU,2021-07-23 21:57:58,-21.15,149.2,67.98,88,1,6.91
501,Saint-Francois,FR,2021-07-23 22:01:34,46.4154,3.9054,77.18,76,0,4.61
502,Capao Da Canoa,BR,2021-07-23 21:57:14,-29.7456,-50.0097,60.08,80,0,5.32
503,Kroya,ID,2021-07-23 22:01:34,-7.6331,109.2461,75.31,87,78,6.33
504,Rosario,AR,2021-07-23 22:00:13,-32.9468,-60.6393,72.84,53,73,3.2
505,Mount Vernon,US,2021-07-23 22:01:35,40.9126,-73.8371,84.36,53,68,3.0
506,Tucurui,BR,2021-07-23 22:01:35,-3.7661,-49.6725,79.43,52,8,2.3
507,Biak,ID,2021-07-23 22:01:24,-0.9131,122.8766,73.99,81,99,6.53
508,Turayf,SA,2021-07-23 22:01:36,31.6725,38.6637,77.99,48,0,14.43
509,Hofn,IS,2021-07-23 22:01:36,64.2539,-15.2082,53.38,98,100,5.55
510,Morondava,MG,2021-07-23 22:01:36,-20.2833,44.2833,70.03,66,41,19.53
511,Kushima,JP,2021-07-23 22:01:37,31.4583,131.2333,80.11,91,100,13.18
512,Yen Bai,VN,2021-07-23 22:01:37,21.7,104.8667,76.6,95,36,4.34
513,Tokur,RU,2021-07-23 22:01:37,53.1333,132.9,66.85,94,99,3.69
514,Santa Maria Del Oro,MX,2021-07-23 22:01:38,25.9333,-105.3667,83.01,33,49,4.92
515,General Pico,AR,2021-07-23 22:01:38,-35.6566,-63.7568,56.7,52,100,8.55
516,Aasiaat,GL,2021-07-23 22:01:38,68.7098,-52.8699,36.39,98,100,5.46
517,Juneau,US,2021-07-23 22:01:39,58.3019,-134.4197,57.22,97,100,1.01
518,Hurghada,EG,2021-07-23 22:00:16,27.2574,33.8129,85.5,32,0,15.75
519,Bucksport,US,2021-07-23 22:01:39,44.5737,-68.7956,74.7,60,65,3.0
520,Krutikha,RU,2021-07-23 22:01:40,53.9599,81.2093,64.62,81,97,6.22
521,Aksu,CN,2021-07-23 22:01:40,41.1231,80.2644,76.71,51,0,5.28
522,Kenai,US,2021-07-23 22:01:41,60.5544,-151.2583,60.03,86,100,0.89
523,Cloquet,US,2021-07-23 22:01:41,46.7216,-92.4594,89.35,61,1,8.05
524,Nikolayevskaya,RU,2021-07-23 22:01:41,47.6139,41.5023,66.27,49,33,8.46
525,Misratah,LY,2021-07-23 22:01:08,32.3754,15.0925,79.66,74,0,10.58
526,Severnoye,RU,2021-07-23 22:01:42,56.3491,78.3619,62.15,83,43,4.34
527,Katsuura,JP,2021-07-23 22:01:42,35.1333,140.3,84.11,80,0,2.59
528,Luwuk,ID,2021-07-23 22:01:43,-0.9516,122.7875,74.46,83,99,5.06
529,Irbeyskoye,RU,2021-07-23 22:01:43,55.6428,95.4522,62.26,67,57,10.83
530,Fort Nelson,CA,2021-07-23 22:00:13,58.8053,-122.7002,71.19,43,75,13.8
531,Moreno,BR,2021-07-23 22:01:43,-8.1186,-35.0922,72.55,73,40,6.91
532,Seoul,KR,2021-07-23 22:01:44,37.5683,126.9778,80.04,62,41,2.66
533,Sheregesh,RU,2021-07-23 22:01:44,52.9209,87.9869,58.35,98,95,1.77
534,Aquiraz,BR,2021-07-23 22:01:45,-3.9014,-38.3911,80.69,80,21,10.76
535,Tilichiki,RU,2021-07-23 22:01:45,60.4667,166.1,53.98,81,100,2.91
536,Matagami,CA,2021-07-23 22:01:45,49.7502,-77.6328,73.29,48,52,7.52
537,Takoradi,GH,2021-07-23 22:01:46,4.8845,-1.7554,74.68,83,80,7.29
538,Pljevlja,ME,2021-07-23 22:01:46,43.3333,19.3333,58.46,77,0,2.73
539,Shepsi,RU,2021-07-23 22:01:46,44.0361,39.1489,72.5,73,66,5.3
540,Mandurah,AU,2021-07-23 21:59:17,-32.55,115.7,55.17,65,98,16.91
